{"stats":{"minecraft:used":{"minecraft:grass_block":240,"minecraft:repeater":275,"minecraft:chiseled_tuff":3,"minecraft:andesite_wall":1,"minecraft:iron_block":4371,"minecraft:jungle_hanging_sign":1,"minecraft:spruce_log":13,"minecraft:oak_sign":146,"minecraft:glass":254,"minecraft:polished_diorite_stairs":53,"minecraft:stone_bricks":2,"minecraft:torch":30,"minecraft:chiseled_stone_bricks":2,"minecraft:dark_oak_sign":1,"minecraft:lever":69,"minecraft:redstone_block":4,"minecraft:pale_oak_sign":16,"minecraft:spruce_planks":1,"minecraft:oak_wood":20,"minecraft:redstone":3696,"minecraft:oak_slab":13,"minecraft:jungle_log":4,"minecraft:nether_brick_wall":31,"minecraft:redstone_lamp":282,"minecraft:spruce_slab":40,"minecraft:polished_andesite":11,"minecraft:smooth_quartz":630,"minecraft:redstone_torch":170,"minecraft:stripped_oak_log":1,"minecraft:deepslate_tiles":40,"minecraft:blackstone":409,"minecraft:target":151,"minecraft:oak_planks":1},"minecraft:dropped":{"minecraft:redstone_torch":2,"minecraft:repeater":1,"minecraft:iron_block":1,"minecraft:oak_sign":1,"minecraft:lever":1},"minecraft:custom":{"minecraft:sprint_one_cm":72171,"minecraft:time_since_rest":552456,"minecraft:walk_one_cm":469576,"minecraft:total_world_time":739437,"minecraft:leave_game":6,"minecraft:fly_one_cm":2892287,"minecraft:crouch_one_cm":3039,"minecraft:sneak_time":10688,"minecraft:play_time":552456,"minecraft:jump":571,"minecraft:time_since_death":552456,"minecraft:drop":6},"minecraft:picked_up":{"minecraft:oak_sign":10,"minecraft:iron_block":1,"minecraft:redstone_torch":19,"minecraft:lever":9,"minecraft:redstone":160,"minecraft:repeater":5}},"DataVersion":4435}